{
    "providers": [
        {
            "type": "bitmap",
            "file": "minecraft:item/apple.png",
            "height": 9,
            "ascent": 9,
            "chars": ["\uE002"]

        },
        {
            "type": "bitmap",
            "file": "minecraft:custom/server-banner.png",
            "height": 240,
            "ascent": 120,
            "chars": ["\uFF22"]
        },
        {
            "type": "bitmap",
            "file": "minecraft:custom/server-icon.png",
            "height": 64,
            "ascent": 0,
            "chars": ["\uFF23"]
        },
        {
            "type": "bitmap",
            "file": "minecraft:custom/server-banner.png",
            "height": 240,
            "ascent": 100,
            "chars": ["\uFF24"]
        }
    ]
}
